{"noiseKey":{"private":{"type":"Buffer","data":"EMMG5O3fxz+oVxlRPa4kNcFViVhqjyP07eZlYaewtWg="},"public":{"type":"Buffer","data":"GMg5eiAjvjd5TewxbBS6trDa0dEQLzzctT/Y07jHUjs="}},"pairingEphemeralKeyPair":{"private":{"type":"Buffer","data":"QMHlRe/FiIUf9mTm3WgTKhqJFubrcdAZuFv9FFNE9Xo="},"public":{"type":"Buffer","data":"zakmXmNEVCImrqzSmrIgqw9KYTmNUezlvyZrcb0QDhg="}},"signedIdentityKey":{"private":{"type":"Buffer","data":"wEuZBZCIJV3+udrdHWwtngEqRN8yJzLbBcjqwRkjGnU="},"public":{"type":"Buffer","data":"uUhcAN4/HhI33JpbUI8O4Mqwk3hHddtvt05KisMVRF8="}},"signedPreKey":{"keyPair":{"private":{"type":"Buffer","data":"uMAxNPOPhsofoWaYsU5BXGgKpsxQgZHybPtxeePKDHk="},"public":{"type":"Buffer","data":"77M1j+sR7my2KvmfIoAmBCDQKkIDLww04GVlalZFqxI="}},"signature":{"type":"Buffer","data":"5gEzjHewo+ELHhh3ZvxjgIS1uoptD4Yr3jVWACyNmum0MRu7f0jVxiRLRZjyKFuXEVNPeXru+V/lvjswfo9/jg=="},"keyId":1},"registrationId":0,"advSecretKey":"OcsH3z4rMHS6yXVnfFJiDimaujo7gc2iWP0wxZQ1QdM=","processedHistoryMessages":[{"key":{"remoteJid":"212781813423@s.whatsapp.net","fromMe":true,"id":"833700F3901BC3D18BDAE0F6D6647DF7"},"messageTimestamp":1724895807},{"key":{"remoteJid":"212781813423@s.whatsapp.net","fromMe":true,"id":"F485C3DFEE532F0FAB4F20043B9CE551"},"messageTimestamp":1724895807},{"key":{"remoteJid":"212781813423@s.whatsapp.net","fromMe":true,"id":"48CBF7BFB77F7BDECC5B5352001E540D"},"messageTimestamp":1724895813},{"key":{"remoteJid":"212781813423@s.whatsapp.net","fromMe":true,"id":"80E7E1A2FB357021101752C31180A138"},"messageTimestamp":1724895813}],"nextPreKeyId":31,"firstUnuploadedPreKeyId":31,"accountSyncCounter":1,"accountSettings":{"unarchiveChats":false},"deviceId":"j-9bRTleToyTPCA_3M-vkg","phoneId":"f8d2ec69-96c4-4154-b399-d21f6c2e8c03","identityId":{"type":"Buffer","data":"uhj9pSqxleFpsL4bOMueK6o3rHY="},"registered":true,"backupToken":{"type":"Buffer","data":"hWN068Mw2c0On83QFP4BIQ4VunY="},"registration":{},"pairingCode":"GQBGNWNC","me":{"id":"212781813423:6@s.whatsapp.net","name":"GG"},"account":{"details":"CPex8TMQuaS/tgYYASAAKAA=","accountSignatureKey":"NjNPfVJ10AKnY6ZrXhPEd748lLo9+3Nb7wrxDrZTeRs=","accountSignature":"lIXPAJF73a2/Q8pSnrsvdX27Br/t2W7/jBpUM0O90GZgBTJHDmzdDgJ7twnB6AUiYr6reoeG/5n13KpMqnzqDw==","deviceSignature":"nW0YRP25UrqK9QF9IM9jmp0b/xj4sbVBcAOp0q4mrObTs+Cb9eiYArTkXROFIZz23prhbA2Wji5d5NL6c4NWgg=="},"signalIdentities":[{"identifier":{"name":"212781813423:6@s.whatsapp.net","deviceId":0},"identifierKey":{"type":"Buffer","data":"BTYzT31SddACp2Oma14TxHe+PJS6PftzW+8K8Q62U3kb"}}],"platform":"android","lastAccountSyncTimestamp":1724895804,"myAppStateKeyId":"AAAAAJ5I"}